{"metadata":{"meta":{"(13,4,7)":{"fields":{"state":"0"},"inventory":null},"(13,4,8)":{"fields":{"state":"2"},"inventory":null},"(7,4,2)":{"fields":{"state":"0"},"inventory":null},"(8,4,2)":{"fields":{"state":"2"},"inventory":null}}},"node_mapping":{"air":126,"default:stone":2,"default:stonebrick":4,"doors:door_obsidian_glass_a":725,"doors:door_obsidian_glass_b":726,"doors:hidden":712,"moreblocks:cactus_checker":4905,"moreblocks:coal_glass":5513,"moreblocks:coal_stone":3846,"moreblocks:coal_stone_bricks":4805,"moreblocks:slope_coal_stone":3866,"moreblocks:stair_coal_stone_bricks":4806}}